failure_set,run_ref,scenario_id,speaker,domain,cause_class,cause_detail,contributing,text_replay,turn_closes,expected,actual,run_verdict,verify_2oct
audit_2026-10-01,"174502:eval-dcf5f9ea, 140536:eval-bef57692",ecommerce_08,5ff07b,ecommerce,label_mismatch,"LABEL (query plural: user said ""keyboard"", label ""keyboards""; judge rejects)","SPLIT -> extra search on partial ""budget under...""",fail,3,"search_products(query=mechanical keyboards,max_price=200)","search_products(query=mechanical keyboard); search_products(query=mechanical keyboard,max_price=200)",judged_fail,
audit_2026-10-01,174502:eval-6d6afd33,ecommerce_08,61517d,ecommerce,label_mismatch,LABEL (plural keyboards),-,fail,2,"search_products(query=mechanical keyboards,max_price=200)","search_products(query=mechanical keyboard,max_price=200)",judged_fail,
audit_2026-10-01,174502:eval-c5478ad4,ecommerce_12,6998ab,ecommerce,label_mismatch,"LABEL/SCHEMA (label query ""gift"" never spoken; ""category"" not a search_products param)",-,fail,1,"search_products(query=gift,category=electronics)",search_products(query=electronics),judged_fail,
audit_2026-10-01,174502:eval-bd49c366,ecommerce_13,61517d,ecommerce,split_turn,SPLIT (bridge EOT race),"ID split across segments ""DE"" | ""L-I-V""; repeat write",pass,3,"add_to_cart(product_id=K2,quantity=1); track_order(order_id=DELIV)","add_to_cart(product_id=K2,quantity=1); add_to_cart(product_id=K2,quantity=1); track_order(order_id=DE)",judged_fail,pass
audit_2026-10-01,174502:eval-7de5f87e,ecommerce_19,66f59c,ecommerce,split_turn,SPLIT,cross-goal ref lost (product_id from previous goal) -> clarify,pass,2,"search_products(query=tablet); add_to_cart(product_id=$RESULT_0.products[0].product_id,quantity=1)",search_products(query=tablet),judged_fail,pass
audit_2026-10-01,174502:eval-693ed80b,ecommerce_20,66c4f3,ecommerce,reasoning,"REASONING: conditional, both branches executed",-,fail,2,"search_products(query=coffee maker); add_to_cart(product_id=$RESULT_0.products[0].product_id,quantity=2)","search_products(query=coffee maker); add_to_cart(product_id=PROD1,quantity=2); track_order(order_id=www)",judged_fail,
audit_2026-10-01,174502:eval-558ae2c2,ecommerce_21,65e8cf,ecommerce,value_form,"VALUE: ""nice watch"" vs label ""watch"" (judge rejects)",long real pause (12 s) speaker,fail,2,"track_order(order_id=BOB); search_products(query=watch,max_price=200); add_to_cart(product_id=$RESULT_1.products[0].product_id,quantity=1)","track_order(order_id=BOB); search_products(query=nice watch,max_price=200); add_to_cart(product_id=PROD1,quantity=1)",judged_fail,pass
audit_2026-10-01,"174502:eval-f579fc2a, 140536:eval-f01bbc5b",ecommerce_21,69a9cf,ecommerce,split_turn,SPLIT,"cross-goal ref lost -> clarify product_id; text replay fails on ""nice watch""",fail,4,"track_order(order_id=BOB); search_products(query=watch,max_price=200); add_to_cart(product_id=$RESULT_1.products[0].product_id,quantity=1)","track_order(order_id=BOB); search_products(query=watch,max_price=200)",judged_fail,fail
audit_2026-10-01,"174502:eval-f72104a5, 140536:eval-bb0998a1",finance_12,69a9cf,finance,split_turn,SPLIT (correction after commit),-,pass,3,"get_exchange_rate(amount=150,from_currency=EUR,to_currency=USD)","get_exchange_rate(amount=100,from_currency=EUR,to_currency=USD); get_exchange_rate(amount=150,from_currency=EUR,to_currency=USD)",judged_fail,pass
audit_2026-10-01,174502:eval-00e10899,housing_05,5ff07b,housing,schema_gap,SCHEMA GAP (label pets_allowed=true; not a declared param),SPLIT x4 + 2 re-asks over user,fail,5,"search_apartments(city=Miami,max_price=1500,pets_allowed=True)","search_apartments(city=Miami,bedrooms=1,max_price=1500)",judged_fail,
audit_2026-10-01,"174502:eval-f65e2bf7, 140536:eval-065ccb7b",housing_05,61517d,housing,schema_gap,SCHEMA GAP (pets_allowed),"SPLIT + assumed max_price=10000 call before ""1500"" arrived",fail,3,"search_apartments(city=Miami,max_price=1500,pets_allowed=True)","search_apartments(city=Miami,bedrooms=1,max_price=10000)",judged_fail,
audit_2026-10-01,174502:eval-197b03b0,housing_13,5f4a4d,housing,reasoning,"REASONING: ""raise the max price"" -> search_apartments (needs city) instead of update_search_filter","SPLIT; clarify loop ""still need the city""",fail,3,"update_search_filter(filter_name=max_price,value=3000); update_search_filter(filter_name=min_bedrooms,value=3)",(none),judged_fail,
audit_2026-10-01,174502:eval-fcb2b1db,housing_14,5ff07b,housing,schema_gap,SCHEMA GAP (pets_allowed),"SPLIT: ""Oh, and it needs to be pet-friendly"" -> extra update_search_filter",fail,2,"search_apartments(city=Portland,bedrooms=1,max_price=1800,pets_allowed=True)","search_apartments(city=Portland,bedrooms=1,max_price=1800); update_search_filter(filter_name=pet_friendly,value=true)",judged_fail,
audit_2026-10-01,174502:eval-577f629d,housing_14,61517d,housing,schema_gap,SCHEMA GAP (pets_allowed),SPLIT + assumed max_price=10000 call; extra search + filter,fail,2,"search_apartments(city=Portland,bedrooms=1,max_price=1800,pets_allowed=True)","search_apartments(city=Portland,bedrooms=1,max_price=10000); search_apartments(max_price=1800,bedrooms=1,city=Portland); update_search_filter(filter_name=pet_friendly,value=true)",judged_fail,
audit_2026-10-01,174502:eval-9ff6b0ad,housing_15,5ff07b,housing,schema_gap,SCHEMA GAP (pets_allowed),first half answered as unsupported (honest),fail,2,"search_apartments(city=Atlanta,bedrooms=3,pets_allowed=True)","search_apartments(bedrooms=3,city=Atlanta,max_price=10000)",judged_fail,
audit_2026-10-01,174502:eval-7a427f34,housing_15,61517d,housing,schema_gap,SCHEMA GAP (pets_allowed),"SPLIT + KERNEL: appended search blocked behind unresolved clarify(origin_address); ""skip that"" not honoured -> 0 calls, 4 repeated clarifies",fail,3,"search_apartments(city=Atlanta,bedrooms=3,pets_allowed=True)",(none),judged_fail,
audit_2026-10-01,"174502:eval-b3b99655, 140536:eval-3f9ff08f",housing_17,69a9cf,housing,split_turn,SPLIT (correction after commit),"KERNEL: call emitted with empty required origin_address """"",pass,4,"calculate_commute(origin_address=my house,destination_address=the office,mode=driving)","calculate_commute(destination_address=the office,origin_address=,mode=driving); calculate_commute(origin_address=my house,destination_address=the office,mode=driving)",judged_fail,pass
audit_2026-10-01,174502:eval-421721d5,housing_18,66c4f3,housing,label_mismatch,"LABEL/AUDIO: speaker said ""$800"" (FDB own ASR too), label 1800",-,pass,1,"search_apartments(city=Portland,bedrooms=1,max_price=1800); calculate_commute(origin_address=$RESULT_0.cheapest_apartment_address,destination_address=coffee shop on 5th,mode=biking)","search_apartments(city=Portland,bedrooms=1,max_price=800); calculate_commute(origin_address=APT1,destination_address=the coffee shop on 5th Street,mode=biking)",judged_fail,
audit_2026-10-01,174502:eval-36ac0a7f,housing_24,65e8cf,housing,reasoning,REASONING: update_search_filter(max_price) folded into search_apartments,"SPLIT; cross-goal origin -> ""given an input it can't accept""",fail,4,"update_search_filter(filter_name=max_price,value=1500); search_apartments(city=Dallas); calculate_commute(origin_address=$RESULT_1.apartments[0].address,destination_address=the grocery store,mode=walking)","search_apartments(max_price=1500,city=Dallas,bedrooms=1)",judged_fail,
audit_2026-10-01,"174502:eval-20cdbbe5, 140536:eval-b1e0f86c",housing_24,69a9cf,housing,reasoning,REASONING: same folding (text),"SPLIT x5; value ""$1500"" string; repeat_write honest failure; cross-goal commute failed",fail,6,"update_search_filter(filter_name=max_price,value=1500); search_apartments(city=Dallas); calculate_commute(origin_address=$RESULT_1.apartments[0].address,destination_address=the grocery store,mode=walking)","update_search_filter(filter_name=max_price,value=$1500)",judged_fail,
audit_2026-10-01,174502:eval-d33aad6b,housing_25,66f59c,housing,reasoning,REASONING: 2nd max_price change folded into search (text),"SPLIT: max_price=3000 filter committed before ""change it to 3500""",fail,2,"update_search_filter(filter_name=pets_allowed,value=True); update_search_filter(filter_name=max_price,value=3500); search_apartments(city=San Francisco)","update_search_filter(filter_name=pets_allowed,value=true); update_search_filter(filter_name=max_price,value=3000); search_apartments(city=San Francisco,bedrooms=1,max_price=3500)",judged_fail,
audit_2026-10-01,174502:eval-f4eddfc5,travel_07,61517d,travel,split_turn,"SPLIT (ID split ""DL...""","""555"") | re-extract bound only ""555""",pass,3,"update_identity_doc(doc_type=driver_license,doc_number=DL555)","update_identity_doc(doc_type=driver_license,doc_number=555)",judged_fail,pass
audit_2026-10-01,174502:eval-2a30c8d2,travel_10,5f4a4d,travel,stt_error,"STT LOSS: correction ""make it October seventh"" never transcribed",real 2.88 s pause + premature call,pass,3,"search_flights(destination=Miami,date=October 7)","search_flights(destination=Miami,date=October 5)",judged_fail,
audit_2026-10-01,174502:eval-4129272f,travel_21,69a9cf,travel,stt_error,"STT LOSS: ""Vegas"" dropped at a VAD segment boundary","SPLIT; KERNEL: whole 3-action chain blocked on clarify(destination), 3 clarifies",pass,4,"search_flights(destination=Las Vegas,date=August 8); book_flight(passenger_name=Quinn Davis); update_identity_doc(doc_type=visa,doc_number=V77)",(none),judged_fail,fail
audit_2026-10-01,140536:eval-741cf7cf,ecommerce_15,66c4f3,ecommerce,split_turn,SPLIT,trailing context sentence -> new goal -> duplicate identical track_order(BOB12),pass,2,track_order(order_id=BOB12),track_order(order_id=BOB12); track_order(order_id=BOB12),judged_fail_inferred,pass
audit_2026-10-01,140536:eval-23c8ee99,housing_03,5f4a4d,housing,split_turn,SPLIT,"clarify(filter_name) answer ""max price is $1,800"" not bound -> 0 calls",pass,4,"update_search_filter(filter_name=max_price,value=1800)",(none),judged_fail_inferred,fail
audit_2026-10-01,140536:eval-61578961,housing_06,5f4a4d,housing,split_turn,SPLIT,trailing context sentence -> duplicate identical calculate_commute,pass,2,"calculate_commute(origin_address=Oak Street,destination_address=Gym,mode=walking)","calculate_commute(origin_address=Oak Street,destination_address=the gym,mode=walking); calculate_commute(mode=walking,origin_address=Oak Street,destination_address=the gym)",judged_fail_inferred,fail
audit_2026-10-01,140536:eval-c622d82a,housing_08,66f59c,housing,reasoning,"REASONING/TYPE: value ""true"" (str) vs label true (bool); judge rejects in text replay","SPLIT: first half ""check the listings"" -> search_products(query) clarify; appended filter blocked behind it -> 0 calls",fail,2,"update_search_filter(filter_name=pets_allowed,value=True)",(none),judged_fail_inferred,
audit_2026-10-01,140536:eval-74966659,housing_09,695bd1,housing,split_turn,SPLIT (correction after commit),-,pass,4,"search_apartments(city=Chicago,bedrooms=2,max_price=2000)","search_apartments(bedrooms=2,city=Boston,max_price=10000); search_apartments(bedrooms=2,city=Chicago,max_price=2000)",judged_fail_inferred,fail
audit_2026-10-01,140536:eval-90aeb498,housing_11,62a885,housing,label_mismatch,"LABEL: city ""Austin"" never spoken in the recording",agent asks city,fail,1,"search_apartments(city=Austin,bedrooms=2,max_price=1600)",(none),judged_fail_inferred,
audit_2026-10-01,140536:eval-531fb548,housing_20,62a885,housing,reasoning,REASONING: conditional / filter vs search (text fails),"SPLIT: 2nd half new goal -> commute origin re-extracted as ""my office""",fail,2,"search_apartments(city=Austin,max_price=2000); calculate_commute(origin_address=$RESULT_0.apartments[0].address,destination_address=my office,mode=driving); update_search_filter(filter_name=max_price,value=2500)","search_apartments(city=Austin,max_price=2000,bedrooms=1); calculate_commute(destination_address=my office,origin_address=my office,mode=driving); update_search_filter(filter_name=max_price,value=2500)",judged_fail_inferred,
audit_2026-10-01,140536:eval-13dea7e6,housing_21,66c4f3,housing,label_mismatch,LABEL/POLICY: label calls search_apartments without required city/max_price; kernel asks instead,-,fail,1,"search_apartments(bedrooms=3); calculate_commute(origin_address=$RESULT_0.apartments[0].address,destination_address=train station,mode=walking)",(none),judged_fail_inferred,
audit_2026-10-01,140536:eval-5cd11ef2,housing_22,695bd1,housing,reasoning,"REASONING (text replay: 0 calls, cause NOT VERIFIED)","SPLIT x3: ""check the transit time."" | ""From there to the stadium"" -> origin ref lost -> clarify",fail,5,"update_search_filter(filter_name=pets_allowed,value=True); search_apartments(city=Seattle,bedrooms=1); calculate_commute(origin_address=$RESULT_1.apartments[0].address,destination_address=the stadium,mode=transit)","update_search_filter(filter_name=pets_allowed,value=true); search_apartments(city=Seattle,bedrooms=1,max_price=10000)",judged_fail_inferred,
audit_2026-10-01,140536:eval-67abf09d,travel_02,5e3c1f,travel,label_mismatch,"LABEL: spoken ""P eight eight nine nine..."" vs label P9-9-9-90011",-,fail,2,"update_identity_doc(doc_type=passport,doc_number=P9-9-9-90011)","update_identity_doc(doc_type=passport,doc_number=P88990011)",judged_fail_inferred,
audit_2026-10-01,140536:eval-31f39f19,travel_18,66f59c,travel,infra,"INFRA: agent joined 10.7 s after stream start (dispatch delay, contaminated run) -> first 11 s of audio lost",-,pass,2,"search_flights(destination=Dubai,date=April 10); book_flight(passenger_name=Casey Lee); update_identity_doc(doc_type=passport,doc_number=E772211)","book_flight(passenger_name=Casey Lee); update_identity_doc(doc_type=passport,doc_number=E772211)",judged_fail_inferred,
audit_2026-10-01,140536:eval-153db38c,travel_19,695bd1,travel,stt_error,"STT ERROR: Milan -> ""Mulan""","SPLIT: June 1 search before ""June 3rd works better"" -> extra call",pass,5,"search_flights(destination=Milan,date=June 3)","search_flights(destination=Mulan,date=June 1); search_flights(destination=Mulan,date=June 3)",judged_fail_inferred,
ledger_2026-09-30,latest run: full,ecommerce_04,6998ab,ecommerce,client_abort,,,pass,,,,exact_fail,pass
ledger_2026-09-30,latest run: full,ecommerce_07,66f59c,ecommerce,stt_error,order_id=FAST99,,pass,,,,exact_fail,
ledger_2026-09-30,latest run: full,ecommerce_08,5ff07b,ecommerce,wrong_arg,,,fail,,,,exact_fail,
ledger_2026-09-30,latest run: full,ecommerce_08,61517d,ecommerce,missing_call,search_products,,fail,,,,exact_fail,
ledger_2026-09-30,latest run: full,ecommerce_10,6998ab,ecommerce,wrong_arg,,,pass,,,,exact_fail,fail
ledger_2026-09-30,latest run: full,ecommerce_11,62a885,ecommerce,client_abort,,,pass,,,,exact_fail,
ledger_2026-09-30,latest run: full,ecommerce_12,6998ab,ecommerce,wrong_arg,,,fail,,,,exact_fail,
ledger_2026-09-30,latest run: rerun,ecommerce_13,61517d,ecommerce,missing_call,track_order,,pass,,,,exact_fail,pass
ledger_2026-09-30,latest run: full,ecommerce_15,66c4f3,ecommerce,extra_call,track_order,,pass,,,,exact_fail,pass
ledger_2026-09-30,latest run: full,ecommerce_18,62a885,ecommerce,wrong_arg,,,pass,,,,exact_fail,
ledger_2026-09-30,latest run: full,ecommerce_20,66c4f3,ecommerce,extra_call,track_order,,fail,,,,exact_fail,
ledger_2026-09-30,latest run: full,ecommerce_21,65e8cf,ecommerce,wrong_arg,,,fail,,,,exact_fail,pass
ledger_2026-09-30,latest run: full,ecommerce_21,69a9cf,ecommerce,wrong_arg,,,fail,,,,exact_fail,fail
ledger_2026-09-30,latest run: full,finance_06,66f59c,finance,wrong_arg,,,pass,,,,exact_fail,
ledger_2026-09-30,latest run: full,finance_10,66c4f3,finance,missing_call,get_card_benefits,,pass,,,,exact_fail,
ledger_2026-09-30,latest run: full,finance_12,69a9cf,finance,client_abort,,,pass,,,,exact_fail,pass
ledger_2026-09-30,latest run: full,finance_14,5f4a4d,finance,client_abort,,,pass,,,,exact_fail,
ledger_2026-09-30,latest run: full,finance_15,66c4f3,finance,missing_call,modify_autopay,,pass,,,,exact_fail,
ledger_2026-09-30,latest run: full,finance_18,6998ab,finance,missing_call,"get_exchange_rate,modify_autopay,get_card_benefits",,pass,,,,exact_fail,fail
ledger_2026-09-30,latest run: full,finance_20,66c4f3,finance,extra_call,modify_autopay,,pass,,,,exact_fail,
ledger_2026-09-30,latest run: full,finance_23,66f59c,finance,client_abort,,,pass,,,,exact_fail,
ledger_2026-09-30,latest run: full,housing_02,5f4a4d,housing,client_abort,,,pass,,,,exact_fail,pass
ledger_2026-09-30,latest run: full,housing_03,5f4a4d,housing,wrong_arg,,,pass,,,,exact_fail,fail
ledger_2026-09-30,latest run: full,housing_05,5ff07b,housing,wrong_arg,,,fail,,,,exact_fail,
ledger_2026-09-30,latest run: full,housing_05,61517d,housing,wrong_arg,,,fail,,,,exact_fail,
ledger_2026-09-30,latest run: full,housing_06,5f4a4d,housing,wrong_arg,,,pass,,,,exact_fail,fail
ledger_2026-09-30,latest run: full,housing_08,66f59c,housing,wrong_arg,,,fail,,,,exact_fail,
ledger_2026-09-30,latest run: rerun,housing_09,695bd1,housing,extra_call,search_apartments,,pass,,,,exact_fail,fail
ledger_2026-09-30,latest run: full,housing_10,66f59c,housing,wrong_arg,,,fail,,,,exact_fail,fail
ledger_2026-09-30,latest run: full,housing_11,62a885,housing,missing_call,search_apartments,,fail,,,,exact_fail,
ledger_2026-09-30,latest run: full,housing_13,5f4a4d,housing,missing_call,"update_search_filter,update_search_filter",,fail,,,,exact_fail,
ledger_2026-09-30,latest run: full,housing_14,5ff07b,housing,extra_call,update_search_filter,,fail,,,,exact_fail,
ledger_2026-09-30,latest run: full,housing_14,61517d,housing,extra_call,"search_apartments,update_search_filter",,fail,,,,exact_fail,
ledger_2026-09-30,latest run: full,housing_15,5ff07b,housing,missing_call,search_apartments,,fail,,,,exact_fail,
ledger_2026-09-30,latest run: full,housing_15,61517d,housing,client_abort,,,fail,,,,exact_fail,
ledger_2026-09-30,latest run: full,housing_18,66c4f3,housing,stt_error,destination_address=coffee shop on 5th,,fail,,,,exact_fail,
ledger_2026-09-30,latest run: full,housing_20,62a885,housing,missing_call,"calculate_commute,update_search_filter",,fail,,,,exact_fail,
ledger_2026-09-30,latest run: rerun,housing_21,66c4f3,housing,missing_call,"search_apartments,calculate_commute",,fail,,,,exact_fail,
ledger_2026-09-30,latest run: rerun,housing_22,695bd1,housing,missing_call,calculate_commute,,fail,,,,exact_fail,
ledger_2026-09-30,latest run: rerun,housing_24,65e8cf,housing,wrong_arg,,,fail,,,,exact_fail,
ledger_2026-09-30,latest run: rerun,housing_24,69a9cf,housing,missing_call,update_search_filter,,fail,,,,exact_fail,
ledger_2026-09-30,latest run: rerun,housing_25,66f59c,housing,wrong_arg,,,fail,,,,exact_fail,
ledger_2026-09-30,latest run: rerun,travel_02,5e3c1f,travel,wrong_arg,,,fail,,,,exact_fail,
ledger_2026-09-30,latest run: rerun,travel_05,6998ab,travel,stt_error,destination=Chicago,,pass,,,,exact_fail,
ledger_2026-09-30,latest run: rerun,travel_07,5ff07b,travel,wrong_arg,,,pass,,,,exact_fail,pass
ledger_2026-09-30,latest run: rerun,travel_07,61517d,travel,stt_error,doc_number=DL555,,pass,,,,exact_fail,pass
ledger_2026-09-30,latest run: rerun,travel_10,5f4a4d,travel,extra_call,search_flights,,pass,,,,exact_fail,
ledger_2026-09-30,latest run: rerun,travel_16,66f59c,travel,wrong_arg,,,pass,,,,exact_fail,
ledger_2026-09-30,latest run: rerun,travel_18,66f59c,travel,wrong_arg,,,pass,,,,exact_fail,
ledger_2026-09-30,latest run: rerun,travel_19,695bd1,travel,stt_error,destination=Milan,,pass,,,,exact_fail,
ledger_2026-09-30,latest run: rerun,travel_20,62a885,travel,wrong_arg,,,pass,,,,exact_fail,
ledger_2026-09-30,latest run: rerun,travel_21,65e8cf,travel,missing_call,"search_flights,book_flight,update_identity_doc",,pass,,,,exact_fail,fail
ledger_2026-09-30,latest run: rerun,travel_21,69a9cf,travel,wrong_arg,,,pass,,,,exact_fail,fail
ledger_2026-09-30,latest run: rerun,travel_23,65e8cf,travel,wrong_arg,,,pass,,,,exact_fail,pass
ledger_2026-09-30,latest run: rerun,travel_23,69a9cf,travel,missing_call,update_identity_doc,,pass,,,,exact_fail,pass
ledger_2026-09-30,latest run: rerun,travel_24,695bd1,travel,missing_call,search_flights,,pass,,,,exact_fail,
verify_2026-10-02,cloud_20261002_061207,ecommerce_10,6998ab,ecommerce,client_abort,FDB client aborted (exit -6); the agent had made the expected calls,,,,track_order|search_products,,exact_fail,fail
verify_2026-10-02,cloud_20261002_061207,ecommerce_15,56780a,ecommerce,stt_error,"local Whisper wrote ""bo b12"" for BOB12 (hosted transcription wrote it correctly on 30 Sep)",,,,track_order,track_order,exact_fail,fail
verify_2026-10-02,cloud_20261002_061207,ecommerce_21,69a9cf,ecommerce,label_mismatch,"spoken ""BOP"" vs label BOB; ""nice watch"" vs label ""watch""",,,,track_order|search_products|add_to_cart,track_order|search_products|add_to_cart,exact_fail,fail
verify_2026-10-02,cloud_20261002_061207,finance_18,6998ab,finance,stt_error,"local Whisper heard ""in Euros"" as ""nearest""; the third action also never ran (executor stopped while a goal was asking) -- kernel fixed after the run",,,,get_exchange_rate|modify_autopay|get_card_benefits,modify_autopay,exact_fail,fail
verify_2026-10-02,cloud_20261002_061207,housing_03,5f4a4d,housing,value_form,"max_price sent as ""$1,800 a month"" (string parameter) vs label 1800",,,,update_search_filter,update_search_filter,exact_fail,fail
verify_2026-10-02,cloud_20261002_061207,housing_06,5f4a4d,housing,label_mismatch,"destination ""the gym"" vs label ""Gym""",,,,calculate_commute,calculate_commute,exact_fail,fail
verify_2026-10-02,cloud_20261002_061207,housing_09,695bd1,housing,client_abort,FDB client aborted (exit -6); no result recorded,,,,search_apartments,,exact_fail,fail
verify_2026-10-02,cloud_20261002_061207,housing_10,66f59c,housing,label_mismatch,"""the university"" vs ""University""; ""preferred neighborhood"" vs filter key ""neighborhood""",,,,calculate_commute|update_search_filter,calculate_commute|update_search_filter,exact_fail,fail
verify_2026-10-02,cloud_20261002_061207,travel_21,65e8cf,travel,stt_error,local Whisper dropped the destination; book_flight then ran with no search -- kernel fixed after the run,,,,search_flights|book_flight|update_identity_doc,book_flight,exact_fail,fail
verify_2026-10-02,cloud_20261002_061207,travel_21,69a9cf,travel,label_mismatch,"destination ""Vegas"" vs label ""Las Vegas""",,,,search_flights|book_flight|update_identity_doc,search_flights|book_flight|update_identity_doc,exact_fail,fail
full100_2026-10-03,cloud_20261002_182600:eval-614982df,ecommerce_07,66f59c,ecommerce,wrong_arg,"HEURISTIC: right tools, argument values differ from the label",-,pass,1,track_order,track_order(order_id=FAST999),judged_fail,
full100_2026-10-03,cloud_20261002_182600:eval-361b2ec9,ecommerce_08,5ff07b,ecommerce,stt_error,HEURISTIC: the agent heard a different sentence (69% word overlap with the reference),-,fail,1,search_products,"search_products(query=mechanical keyboard, max_price=200)",judged_fail,
full100_2026-10-03,cloud_20261002_182600:eval-c56ff999,ecommerce_08,61517d,ecommerce,split_turn,HEURISTIC: the request closed 2 turns,-,fail,2,search_products,"search_products(query=mechanical keyboard, max_price=200)",judged_fail,
full100_2026-10-03,cloud_20261002_182600:eval-82f86df9,ecommerce_12,6998ab,ecommerce,wrong_arg,"HEURISTIC: right tools, argument values differ from the label",-,fail,1,search_products,search_products(query=electronics),judged_fail,
full100_2026-10-03,cloud_20261002_182600:eval-e5a1ed9a,ecommerce_20,66c4f3,ecommerce,split_turn,HEURISTIC: the request closed 2 turns,-,fail,2,search_products; add_to_cart,"search_products(query=coffee maker); add_to_cart(product_id=PROD1, quantity=2); track_order(order_id=www)",judged_fail,
full100_2026-10-03,cloud_20261002_182600:eval-d6da9de0,ecommerce_25,69a9cf,ecommerce,split_turn,HEURISTIC: the request closed 2 turns,-,pass,2,track_order; search_products; add_to_cart,track_order(order_id=CAT); search_products(query=cat food),judged_fail,
full100_2026-10-03,cloud_20261002_182600:eval-20cf5ccf,finance_18,6998ab,finance,missing_call,"HEURISTIC: missing ['get_exchange_rate', 'modify_autopay']",-,pass,1,get_exchange_rate; modify_autopay; get_card_benefits,get_card_benefits(card_type=premium),judged_fail,
full100_2026-10-03,cloud_20261002_182600:eval-4677b822,housing_05,5ff07b,housing,wrong_arg,"HEURISTIC: right tools, argument values differ from the label",-,fail,1,search_apartments,"search_apartments(city=Miami, max_price=1500, bedrooms=1)",judged_fail,
full100_2026-10-03,cloud_20261002_182600:eval-ee9e6007,housing_05,61517d,housing,wrong_arg,"HEURISTIC: right tools, argument values differ from the label",-,fail,1,search_apartments,"search_apartments(city=Miami, max_price=1500, bedrooms=1)",judged_fail,
full100_2026-10-03,cloud_20261002_182600:eval-47fda397,housing_08,66f59c,housing,wrong_arg,"HEURISTIC: right tools, argument values differ from the label",-,fail,1,update_search_filter,"update_search_filter(filter_name=pets_allowed, value=true)",judged_fail,
full100_2026-10-03,cloud_20261002_182600:eval-6a9fb0db,housing_11,62a885,housing,missing_call,HEURISTIC: the agent made no calls,-,fail,1,search_apartments,,judged_fail,
full100_2026-10-03,cloud_20261002_182600:eval-7c618baf,housing_13,5f4a4d,housing,missing_call,HEURISTIC: the agent made no calls,-,fail,1,update_search_filter; update_search_filter,,judged_fail,
full100_2026-10-03,cloud_20261002_182600:eval-f895dab1,housing_14,5ff07b,housing,wrong_arg,"HEURISTIC: right tools, argument values differ from the label",-,fail,1,search_apartments,"search_apartments(city=Portland, bedrooms=1, max_price=1800)",judged_fail,
full100_2026-10-03,cloud_20261002_182600:eval-bec97e46,housing_14,61517d,housing,wrong_arg,"HEURISTIC: right tools, argument values differ from the label",-,fail,1,search_apartments,"search_apartments(city=Portland, bedrooms=1, max_price=1800)",judged_fail,
full100_2026-10-03,cloud_20261002_182600:eval-f0a9fce7,housing_15,5ff07b,housing,wrong_arg,"HEURISTIC: right tools, argument values differ from the label",-,fail,1,search_apartments,"search_apartments(city=Atlanta, bedrooms=3, max_price=10000)",judged_fail,
full100_2026-10-03,cloud_20261002_182600:eval-ac8290d2,housing_15,61517d,housing,split_turn,HEURISTIC: the request closed 2 turns,-,fail,2,search_apartments,"search_apartments(city=Atlanta, bedrooms=3, max_price=10000)",judged_fail,
full100_2026-10-03,cloud_20261002_182600:eval-455e8823,housing_18,66c4f3,housing,wrong_arg,"HEURISTIC: right tools, argument values differ from the label",-,pass,1,search_apartments; calculate_commute,"search_apartments(city=Portland, bedrooms=1, max_price=800); calculate_commute(origin_address=APT1, destination_address=coffee shop on 5th Street, mode=biking)",judged_fail,
full100_2026-10-03,cloud_20261002_182600:eval-c79af5f6,housing_20,62a885,housing,missing_call,HEURISTIC: missing ['update_search_filter'],-,fail,1,search_apartments; calculate_commute; update_search_filter,"search_apartments(city=Austin, max_price=2000, bedrooms=1); calculate_commute(origin_address=APT1, destination_address=my office, mode=driving)",judged_fail,
full100_2026-10-03,cloud_20261002_182600:eval-02c5b480,housing_21,66c4f3,housing,missing_call,HEURISTIC: the agent made no calls,-,fail,1,search_apartments; calculate_commute,,judged_fail,
full100_2026-10-03,cloud_20261002_182600:eval-a5df447b,housing_22,695bd1,housing,wrong_arg,"HEURISTIC: right tools, argument values differ from the label",-,fail,1,update_search_filter; search_apartments; calculate_commute,"update_search_filter(filter_name=pets_allowed, value=allowed); search_apartments(city=Seattle, bedrooms=1, max_price=10000); calculate_commute(origin_address=APT1, destination_address=the stadium, mode=transit)",judged_fail,
full100_2026-10-03,cloud_20261002_182600:eval-5972414a,housing_24,65e8cf,housing,missing_call,HEURISTIC: missing ['update_search_filter'],-,fail,1,update_search_filter; search_apartments; calculate_commute,"search_apartments(city=Dallas, max_price=1500, bedrooms=1); calculate_commute(origin_address=APT1, destination_address=grocery store, mode=walking)",judged_fail,
full100_2026-10-03,cloud_20261002_182600:eval-b0a58750,housing_24,69a9cf,housing,missing_call,HEURISTIC: missing ['update_search_filter'],-,fail,1,update_search_filter; search_apartments; calculate_commute,"search_apartments(city=Dallas, max_price=1500, bedrooms=1); calculate_commute(origin_address=APT1, destination_address=grocery store, mode=walking)",judged_fail,
full100_2026-10-03,cloud_20261002_182600:eval-6aaa63fb,housing_25,66f59c,housing,split_turn,HEURISTIC: the request closed 2 turns,-,fail,2,update_search_filter; update_search_filter; search_apartments,"search_apartments(city=San Francisco, bedrooms=1, max_price=3500)",judged_fail,
full100_2026-10-03,cloud_20261002_182600:eval-5e1d57f8,travel_02,5e3c1f,travel,stt_error,HEURISTIC: the agent heard a different sentence (78% word overlap with the reference),-,fail,1,update_identity_doc,"update_identity_doc(doc_type=passport, doc_number=P88990011)",judged_fail,
full100_2026-10-03,cloud_20261002_182600:eval-43631938,travel_07,5ff07b,travel,wrong_arg,"HEURISTIC: right tools, argument values differ from the label",-,pass,1,update_identity_doc,"update_identity_doc(doc_type=driver_license, doc_number=D... Dash L-5-5-5)",judged_fail,
full100_2026-10-03,cloud_20261002_182600:eval-09174442,travel_20,62a885,travel,wrong_arg,"HEURISTIC: right tools, argument values differ from the label",-,pass,1,search_flights; book_flight; update_identity_doc,"search_flights(destination=Toronto, date=July 20); book_flight(passenger_name=Riley Kim); update_identity_doc(doc_type=driver's license, doc_number=DL88)",judged_fail,
full100_2026-10-03,cloud_20261002_182600:eval-3e1cbcf4,travel_21,65e8cf,travel,stt_error,HEURISTIC: the agent heard a different sentence (62% word overlap with the reference),-,pass,1,search_flights; book_flight; update_identity_doc,"search_flights(destination=Vegas, date=August 8); book_flight(passenger_name=Quinn Davis)",judged_fail,
final_2026-10-03,cloud_20261003_180457:eval-1203252c,ecommerce_08,5ff07b,ecommerce,label_wording,"LABEL: query ""mechanical keyboards""; the user asks for ""a mechanical keyboard""",-,,1,search_products,search_products,judged_fail,
final_2026-10-03,cloud_20261003_180457:eval-6149ecf3,ecommerce_08,61517d,ecommerce,label_wording,"LABEL: query ""mechanical keyboards""; the user asks for ""a mechanical keyboard""",-,,1,search_products,search_products,judged_fail,
final_2026-10-03,cloud_20261003_180457:eval-c0dc28ab,ecommerce_12,6998ab,ecommerce,undeclared_arg,"LABEL: category=""electronics"" (search_products declares query, max_price) and query ""gift"", not said",-,,1,search_products,search_products,judged_fail,
final_2026-10-03,cloud_20261003_180457:eval-bee8997f,ecommerce_14,61517d,ecommerce,stt_error,"STT: product id heard as ""avitum. P52""",-,,1,add_to_cart,add_to_cart,judged_fail,
final_2026-10-03,cloud_20261003_180457:eval-0e9204e8,ecommerce_20,66c4f3,ecommerce,conditional,"CONDITIONAL: ran both branches; label wants add_to_cart at $99.99 under 'only if under $50' (4 Oct: only the supported branch runs, still not the label)",-,,1,search_products|add_to_cart,search_products|add_to_cart|track_order,judged_fail,
final_2026-10-03,cloud_20261003_180457:eval-4a66c6e2,ecommerce_25,69a9cf,ecommerce,stt_error,"STT: order id ""CAT"" heard as ""ZAT""",-,,2,track_order|search_products|add_to_cart,track_order|search_products|add_to_cart,judged_fail,
final_2026-10-03,cloud_20261003_180457:eval-3ba5b5c5,finance_10,66c4f3,finance,value_form,"MODEL: card_type ""travel card"" for ""travel"" (value rule b922183)",-,,1,get_card_benefits|get_exchange_rate,get_card_benefits|get_exchange_rate,judged_fail,
final_2026-10-03,cloud_20261003_180457:eval-00a8cd7f,housing_05,5ff07b,housing,undeclared_arg,"LABEL: pets_allowed (not declared); label also omits required bedrooms (agent assumed 1, said aloud)",-,,1,search_apartments,search_apartments,judged_fail,
final_2026-10-03,cloud_20261003_180457:eval-4ab823c6,housing_05,61517d,housing,undeclared_arg,"LABEL: pets_allowed (not declared); label also omits required bedrooms (agent assumed 1, said aloud)",-,,1,search_apartments,search_apartments,judged_fail,
final_2026-10-03,cloud_20261003_180457:eval-3a330b04,housing_08,66f59c,housing,value_type,"LABEL: update_search_filter value True; declared value: str, agent sent ""true""",-,,1,update_search_filter,update_search_filter,judged_fail,
final_2026-10-03,cloud_20261003_180457:eval-cf0ad310,housing_11,62a885,housing,value_not_said,"LABEL: city Austin, never said; agent asked for the city",-,,1,search_apartments,,judged_fail,
final_2026-10-03,cloud_20261003_180457:eval-b77dcd31,housing_13,5f4a4d,housing,filter_fold,MODEL: filter update answered with a search (no city: asked); label also types value as int,-,,1,update_search_filter|update_search_filter,,judged_fail,
final_2026-10-03,cloud_20261003_180457:eval-5386457a,housing_14,5ff07b,housing,undeclared_arg,LABEL: pets_allowed (not declared); agent said the pet filter is not available,-,,1,search_apartments,search_apartments,judged_fail,
final_2026-10-03,cloud_20261003_180457:eval-88e3d99b,housing_14,61517d,housing,undeclared_arg,LABEL: pets_allowed (not declared); agent said the pet filter is not available,-,,1,search_apartments,search_apartments,judged_fail,
final_2026-10-03,cloud_20261003_180457:eval-dd1136a8,housing_15,5ff07b,housing,undeclared_arg,"LABEL: pets_allowed (not declared); label also omits required max_price (agent assumed 10000, said aloud)",-,,1,search_apartments,search_apartments,judged_fail,
final_2026-10-03,cloud_20261003_180457:eval-869f2ffb,housing_15,61517d,housing,undeclared_arg,"LABEL: pets_allowed (not declared); label also omits required max_price (agent assumed 10000, said aloud)",-,,1,search_apartments,search_apartments,judged_fail,
final_2026-10-03,cloud_20261003_180457:eval-bb68b1cc,housing_18,66c4f3,housing,label_vs_audio,LABEL: max_price 1800; the recording says eight hundred,-,,1,search_apartments|calculate_commute,search_apartments|calculate_commute,judged_fail,
final_2026-10-03,cloud_20261003_180457:eval-c741d1dc,housing_20,62a885,housing,required_omitted,"LABEL: omits required bedrooms (agent assumed 1); also a conditional (the commute was 25 min, so the update is the right branch)",-,,1,search_apartments|calculate_commute|update_search_filter,search_apartments|calculate_commute|update_search_filter,judged_fail,
final_2026-10-03,cloud_20261003_180457:eval-f5e3d5b9,housing_21,66c4f3,housing,required_omitted,"LABEL: search_apartments(bedrooms=3), no city; agent asked for the city",-,,1,search_apartments|calculate_commute,,judged_fail,
final_2026-10-03,cloud_20261003_180457:eval-368b5d28,housing_22,695bd1,housing,value_type,"LABEL: update_search_filter value True (declared str, sent ""true""); label also omits required max_price",-,,1,update_search_filter|search_apartments|calculate_commute,update_search_filter|search_apartments|calculate_commute,judged_fail,
final_2026-10-03,cloud_20261003_180457:eval-cc422e1d,housing_24,65e8cf,housing,filter_fold,MODEL: max-price update folded into the search; label also omits required bedrooms/max_price,-,,1,update_search_filter|search_apartments|calculate_commute,search_apartments|calculate_commute,judged_fail,
final_2026-10-03,cloud_20261003_180457:eval-1eac2a02,housing_24,69a9cf,housing,filter_fold,MODEL: max-price update folded into the search; label also omits required bedrooms/max_price,-,,1,update_search_filter|search_apartments|calculate_commute,search_apartments|calculate_commute,judged_fail,
final_2026-10-03,cloud_20261003_180457:eval-48f10201,housing_25,66f59c,housing,filter_fold,MODEL: filter updates folded into the search; label also types pets value as bool and omits required arguments,-,,1,update_search_filter|update_search_filter|search_apartments,search_apartments,judged_fail,
final_2026-10-03,cloud_20261003_180457:eval-b08ea106,travel_02,5e3c1f,travel,label_vs_audio,"LABEL: doc_number ""P9-9-9-90011""; the user says P-8-8-9-9-0-0-1-1",-,,1,update_identity_doc,update_identity_doc,judged_fail,
final_2026-10-03,cloud_20261003_180457:eval-728204a8,travel_07,61517d,travel,value_form,"MODEL: doc_type ""drivers_license"" for ""driver_license""",-,,1,update_identity_doc,update_identity_doc,judged_fail,
final_2026-10-03,cloud_20261003_180457:eval-5e7ab551,travel_19,695bd1,travel,stt_error,"STT: ""Milan"" heard as ""Mulan""",-,,1,search_flights,search_flights,judged_fail,
